"Назва","Група","Категорія","Пакування","Об’єм / вага","Од.","Закупівля, грн","Націнка, %","Ціна продажу, грн","Ціна за 100 г, грн","Ціна оновлена","Ціна на цінник, грн","ID"
"Coca-Cola 0,33 л (банка)","Напої","Готові напої","Банка","0,33 л","шт","","","","","","",""
"Coca-Cola 0,5 л","Напої","Готові напої","ПЕТ","0,5 л","шт","","","","","","",""
"Coca-Cola 1 л","Напої","Готові напої","ПЕТ","1 л","шт","","","","","","",""
"Coca-Cola 1,25 л","Напої","Готові напої","ПЕТ","1,25 л","шт","","","","","","",""
"Fanta 0,33 л (банка)","Напої","Готові напої","Банка","0,33 л","шт","","","","","","",""
"Fanta 0,5 л","Напої","Готові напої","ПЕТ","0,5 л","шт","","","","","","",""
"Fanta 1 л","Напої","Готові напої","ПЕТ","1 л","шт","","","","","","",""
"Fanta 1,25 л","Напої","Готові напої","ПЕТ","1,25 л","шт","","","","","","",""
"Sprite 0,33 л (банка)","Напої","Готові напої","Банка","0,33 л","шт","","","","","","",""
"Sprite 0,5 л","Напої","Готові напої","ПЕТ","0,5 л","шт","","","","","","",""
"Sprite 1 л","Напої","Готові напої","ПЕТ","1 л","шт","","","","","","",""
"Sprite 1,25 л","Напої","Готові напої","ПЕТ","1,25 л","шт","","","","","","",""
"Вода мінеральна 0,5 л","Напої","Готові напої","ПЕТ","0,5 л","шт","12","","17","","2026-09-29","17",""
"Американо","Напої","Кав'ярня","Стакан","","шт","","","35","","2026-09-29","35",""
"Джміль","Напої","Кав'ярня","Стакан","","шт","","","89","","2026-09-29","89",""
"Допіо","Напої","Кав'ярня","Стакан","","шт","","","69","","2026-09-29","69",""
"Еспресо","Напої","Кав'ярня","Стакан","","шт","","","35","","2026-09-29","35",""
"Какао 3XL","Напої","Кав'ярня","Стакан","3XL","шт","","","85","","2026-09-29","85",""
"Какао XL","Напої","Кав'ярня","Стакан","XL","шт","","","49","","2026-09-29","49",""
"Какао XXL","Напої","Кав'ярня","Стакан","XXL","шт","","","69","","2026-09-29","69",""
"Капучино 3XL","Напої","Кав'ярня","Стакан","3XL","шт","","","85","","2026-09-29","85",""
"Капучино L","Напої","Кав'ярня","Стакан","L","шт","","","42","","2026-09-29","42",""
"Капучино XL","Напої","Кав'ярня","Стакан","XL","шт","","","49","","2026-09-29","49",""
"Капучино XXL","Напої","Кав'ярня","Стакан","XXL","шт","","","69","","2026-09-29","69",""
"Лате 3XL","Напої","Кав'ярня","Стакан","3XL","шт","","","85","","2026-09-29","85",""
"Лате XL","Напої","Кав'ярня","Стакан","XL","шт","","","49","","2026-09-29","49",""
"Лате XXL","Напої","Кав'ярня","Стакан","XXL","шт","","","69","","2026-09-29","69",""
"Молоко до кави (добавка)","Напої","Кав'ярня","","","шт","","","5","","2026-09-29","5",""
"Раф 3XL","Напої","Кав'ярня","Стакан","3XL","шт","","","85","","2026-09-29","85",""
"Раф XL","Напої","Кав'ярня","Стакан","XL","шт","","","49","","2026-09-29","49",""
"Раф XXL","Напої","Кав'ярня","Стакан","XXL","шт","","","69","","2026-09-29","69",""
"Флет-вайт","Напої","Кав'ярня","Стакан","","шт","","","74","","2026-09-29","74",""
"Зефір ванільний","Цукерки","Зефір і пастила","Ваговий","","кг","140","","189","18,9","2026-09-29","189",""
"Мармелад жувальний 100 г","Цукерки","Мармелад","Упаковка","100 г","шт","26","","35,5","","2026-09-29","35,5",""
"Цукерки глазуровані вагові","Цукерки","Цукерки","Ваговий","","кг","180","","234","23,4","2026-09-29","234",""
"Шоколад молочний 90 г","Цукерки","Шоколад","Упаковка","90 г","шт","38","","47,5","","2026-09-29","47,5",""
"Вафлі лимонні 100 г","Печиво і вафлі","Вафлі","Упаковка","100 г","шт","22","","29","","2026-09-29","29",""
"Печиво вівсяне","Печиво і вафлі","Печиво","Ваговий","","кг","95","","123,5","12,35","2026-09-29","123,5",""
