Назва,Група,Категорія,Пакування,Об’єм / вага,Од.,"Закупівля, грн","Націнка, %","Ціна продажу, грн","Ціна за 100 г, грн",Ціна оновлена,"Ціна на цінник, грн",ID
"Вода мінеральна 0,5 л",Напої,Готові напої,ПЕТ,"0,5 л",шт,12,40,17,,2026-09-29,17,p7
"Coca-Cola 0,33 л (банка)",Напої,Готові напої,Банка,"0,33 л",шт,,30,,,,,d01
"Coca-Cola 0,5 л",Напої,Готові напої,ПЕТ,"0,5 л",шт,,30,,,,,d02
Coca-Cola 1 л,Напої,Готові напої,ПЕТ,1 л,шт,,30,,,,,d03
"Coca-Cola 1,25 л",Напої,Готові напої,ПЕТ,"1,25 л",шт,,30,69,,2026-09-29,69,d04
"Fanta 0,33 л (банка)",Напої,Готові напої,Банка,"0,33 л",шт,,30,,,,,d05
"Fanta 0,5 л",Напої,Готові напої,ПЕТ,"0,5 л",шт,,30,,,,,d06
Fanta 1 л,Напої,Готові напої,ПЕТ,1 л,шт,,30,,,,,d07
"Fanta 1,25 л",Напої,Готові напої,ПЕТ,"1,25 л",шт,,30,69,,2026-09-29,69,d08
"Sprite 0,33 л (банка)",Напої,Готові напої,Банка,"0,33 л",шт,,30,,,,,d09
"Sprite 0,5 л",Напої,Готові напої,ПЕТ,"0,5 л",шт,,30,,,,,d10
Sprite 1 л,Напої,Готові напої,ПЕТ,1 л,шт,,30,,,,,d11
"Sprite 1,25 л",Напої,Готові напої,ПЕТ,"1,25 л",шт,,30,69,,2026-09-29,69,d12
Американо,Напої,Кав'ярня,Стакан,,шт,,30,35,,2026-09-29,35,c02
Джміль,Напої,Кав'ярня,Стакан,,шт,,30,89,,2026-09-29,89,c17
Допіо,Напої,Кав'ярня,Стакан,,шт,,30,69,,2026-09-29,69,c19
Еспресо,Напої,Кав'ярня,Стакан,,шт,,30,35,,2026-09-29,35,c01
Какао 3XL,Напої,Кав'ярня,Стакан,3XL,шт,,30,85,,2026-09-29,85,c09
Какао XL,Напої,Кав'ярня,Стакан,XL,шт,,30,49,,2026-09-29,49,c07
Какао XXL,Напої,Кав'ярня,Стакан,XXL,шт,,30,69,,2026-09-29,69,c08
Капучино 3XL,Напої,Кав'ярня,Стакан,3XL,шт,,30,85,,2026-09-29,85,c16
Капучино L,Напої,Кав'ярня,Стакан,L,шт,,30,42,,2026-09-29,42,c13
Капучино XL,Напої,Кав'ярня,Стакан,XL,шт,,30,49,,2026-09-29,49,c14
Капучино XXL,Напої,Кав'ярня,Стакан,XXL,шт,,30,69,,2026-09-29,69,c15
Лате 3XL,Напої,Кав'ярня,Стакан,3XL,шт,,30,85,,2026-09-29,85,c06
Лате XL,Напої,Кав'ярня,Стакан,XL,шт,,30,49,,2026-09-29,49,c04
Лате XXL,Напої,Кав'ярня,Стакан,XXL,шт,,30,69,,2026-09-29,69,c05
Молоко до кави (добавка),Напої,Кав'ярня,,,шт,,30,5,,2026-09-29,5,c03
Раф 3XL,Напої,Кав'ярня,Стакан,3XL,шт,,30,85,,2026-09-29,85,c12
Раф XL,Напої,Кав'ярня,Стакан,XL,шт,,30,49,,2026-09-29,49,c10
Раф XXL,Напої,Кав'ярня,Стакан,XXL,шт,,30,69,,2026-09-29,69,c11
Флет-вайт,Напої,Кав'ярня,Стакан,,шт,,30,74,,2026-09-29,74,c18
Зефір ванільний,Цукерки,Зефір і пастила,Ваговий,,кг,140,35,189,"18,9",2026-09-29,189,p5
Мармелад жувальний 100 г,Цукерки,Мармелад,Упаковка,100 г,шт,26,35,"35,5",,2026-09-29,"35,5",p6
Цукерки глазуровані вагові,Цукерки,Цукерки,Ваговий,,кг,180,30,234,"23,4",2026-09-29,234,p1
Шоколад молочний 90 г,Цукерки,Шоколад,Упаковка,90 г,шт,38,25,"47,5",,2026-09-29,"47,5",p3
Вафлі лимонні 100 г,Печиво і вафлі,Вафлі,Упаковка,100 г,шт,22,30,29,,2026-09-29,29,p4
Печиво вівсяне,Печиво і вафлі,Печиво,Ваговий,,кг,95,30,"123,5","12,35",2026-09-29,"123,5",p2
"Миргородська сильногазована 0,5 л",Напої,Готові напої,ПЕТ,"0,5 л",шт,,30,,,,,w01
"Миргородська сильногазована 1,5 л",Напої,Готові напої,ПЕТ,"1,5 л",шт,,30,31,,2026-09-29,31,w02
"Миргородська слабогазована 0,5 л",Напої,Готові напої,ПЕТ,"0,5 л",шт,,30,,,,,w03
"Миргородська Лагідна слабогазована 1,5 л",Напої,Готові напої,ПЕТ,"1,5 л",шт,,30,31,,2026-09-29,31,w04
"Миргородська негазована 1,5 л",Напої,Готові напої,ПЕТ,"1,5 л",шт,,30,31,,2026-09-29,31,w05
"Миргородська сильногазована 1,5 л ×6 (упаковка)",Напої,Готові напої,Упаковка,"6 × 1,5 л",уп,,30,,,,,w06
"Миргородська сильногазована 0,5 л ×12 (упаковка)",Напої,Готові напої,Упаковка,"12 × 0,5 л",уп,,30,,,,,w07
Какао-порошок “Chocolatier” темний,Напої,,,80,уп,,0,109,,2026-09-29,109,cgds8pdgazwu7q2p2ojp
Pit Bull Яблуко 1 л,Напої,Готові напої,ПЕТ,1 л,шт,,30,,,,,e05
Pit Bull Ягідний 1 л,Напої,Готові напої,ПЕТ,1 л,шт,,30,,,,,e04
Pit Bull Energy Drink класичний 1 л,Напої,Готові напої,ПЕТ,1 л,шт,,30,,,,,e01
Pit Bull Power 1 л,Напої,Готові напої,ПЕТ,1 л,шт,,30,45,,2026-09-29,45,e02
Pit Bull Silver 1 л,Напої,Готові напої,ПЕТ,1 л,шт,,30,45,,2026-09-29,45,e03
Кондитерські вироби в асортименті,Інше,,Пакет,,100 г,,0,"21,99",,2026-09-29,"21,99",w8lg0g2aa8k1mjd3x38a